customer_id,customer_name,email,registration_date,customer_type
C0001,Meera Malhotra,meera.malhotra01@example.com,2024-03-03 05:50:10,REGULAR
C0002,Ishaan Bose,ishaan.bose02@mail.com,2023-02-19 08:56:39,REGULAR
C0003,Aisha Nair,aisha.nair03@mail.com,2025-10-06 13:26:52,PREMIUM
C0004,Maya Singh,maya.singh04@inbox.com,2023-01-11 02:17:28,PREMIUM
C0005,Farhan Singh,farhan.singh05@,2023-08-30 12:41:45,REGULAR
C0006,Ishaan Mehta,ishaan.mehta06@shopmail.com,2023-05-31 05:50:52,REGULAR
C0007,Anaya Chatterjee,anaya.chatterjee07@example.com,2025-04-13 00:01:56,REGULAR
C0008,Chirag Kapoor,chirag.kapoor08@example.com,2025-06-15 21:14:53,REGULAR
C0009,Vihaan Iyer,vihaan.iyer09@inbox.com,2023-05-04 22:51:37,PREMIUM
C0010,Bhavna Chatterjee,bhavna.chatterjee10@shopmail.com,2025-09-14 12:02:01,PREMIUM
C0011,Gauri Nair,gauri.nair11@mail.com,2025-11-07 01:56:29,REGULAR
C0012,Zoya Reddy,zoya.reddy12@mail.com,2024-12-19 02:18:35,REGULAR
C0013,Esha Patel,esha.patel13@inbox.com,2023-12-22 19:31:51,PREMIUM
C0014,Bhavna Sharma,bhavna.sharma14@shopmail.com,2023-11-24 18:00:37,VIP
C0015,Tanya Das,tanya.das15@mail.com,2024-09-06 14:13:34,PREMIUM
C0016,Aditya Gupta,aditya.gupta16@shopmail.com,2024-01-19 02:56:23,PREMIUM
C0017,Lavanya Mehta,lavanya.mehta17@inbox.com,2024-07-16 08:12:20,REGULAR
C0018,Ishaan Patel,ishaan.patel18@inbox.com,2023-06-20 08:00:57,REGULAR
C0019,Diya Mehta,diya.mehta19@shopmail.com,2024-08-15 19:47:53,REGULAR
C0020,Aarav Verma,aarav.verma20@shopmail.com,2025-11-25 00:00:16,PREMIUM
C0021,Meera Iyer,meera.iyer21@shopmail.com,2024-11-06 09:13:24,REGULAR
C0022,Saanvi Verma,saanvi.verma22@mail.com,2025-08-29 08:52:51,REGULAR
C0023,Rahul Kapoor,rahul.kapoor23@example.com,2023-09-08 22:59:04,REGULAR
C0024,Esha Das,esha.das24@shopmail.com,2023-01-31 06:08:44,REGULAR
C0025,Zoya Patel,zoya.patel25@example.com,2024-01-10 04:20:37,PREMIUM
C0026,Pooja Sharma,pooja.sharma26@inbox.com,2025-04-07 12:43:31,PREMIUM
C0027,Riya Singh,riya.singh27@mail.com,2025-03-30 17:06:16,PREMIUM
C0028,Shiv Iyer,shiv.iyer28@inbox.com,2024-09-11 19:30:39,VIP
C0029,Maya Verma,maya.verma29@example.com,2024-01-21 02:35:28,REGULAR
C0030,Vihaan Khan,vihaan.khan30@mail.com,2023-01-12 04:05:38,REGULAR
C0031,Diya Patel,diya.patel31@shopmail.com,2024-05-28 07:16:01,REGULAR
C0032,Pooja Nair,pooja.nair32@inbox.com,2025-04-17 16:05:53,REGULAR
C0033,Zoya Das,zoya.das33@inbox.com,2024-09-24 08:17:43,REGULAR
C0034,Gauri Bose,gauri.bose34@example.com,2024-09-30 15:00:13,REGULAR
C0035,Arjun Mehta,arjun.mehta35@mail.com,2024-06-11 02:07:04,PREMIUM
C0036,Shiv Nair,shiv.nair36@mail.com,2025-04-13 02:10:55,REGULAR
C0037,Bhavna Chatterjee,bhavna.chatterjee37@inbox.com,2024-01-24 01:27:33,PREMIUM
C0038,Kavya Patel,kavya.patel38@example.com,2025-10-10 01:43:25,VIP
C0039,Zoya Reddy,zoya.reddy39.c0039,2024-09-23 08:12:51,REGULAR
C0040,Arjun Reddy,arjun.reddy40@shopmail.com,2024-08-11 17:08:31,REGULAR
C0041,Nikhil Iyer,nikhil.iyer41@inbox.com,2024-10-19 02:51:43,REGULAR
C0042,Rahul Nair,rahul.nair42@example.com,2024-04-05 22:04:10,REGULAR
C0043,Esha Patel,esha.patel43@mail.com,2023-03-19 21:26:30,REGULAR
C0044,Arjun Sharma,arjun.sharma44@mail.com,2023-10-16 16:03:24,REGULAR
C0045,Jatin Verma,jatin.verma45@example.com,2025-06-03 23:02:19,REGULAR
C0046,Ishaan Bose,ishaan.bose46@shopmail.com,2025-10-18 04:38:52,REGULAR
C0047,Aditya Nair,aditya.nair47@shopmail.com,2025-11-06 09:11:38,PREMIUM
C0048,Jatin Gupta,jatin.gupta48@shopmail.com,2025-11-09 10:25:35,REGULAR
C0049,Diya Malhotra,diya.malhotra49@example.com,2024-12-12 22:07:21,REGULAR
C0050,Diya Nair,diya.nair50@example.com,2025-02-24 20:44:54,REGULAR
C0051,Zoya Kapoor,zoya.kapoor51@shopmail.com,2024-03-18 17:06:00,REGULAR
C0052,Aarav Iyer,aarav.iyer52@shopmail.com,2025-10-27 12:55:26,REGULAR
C0053,Meera Verma,meera.verma53@mail.com,2025-05-09 09:40:20,REGULAR
C0054,Farhan Nair,farhan.nair54@inbox.com,2025-12-03 23:45:02,REGULAR
C0055,Aditya Patel,aditya.patel55@example.com,2023-05-24 09:08:10,REGULAR
C0056,Aarav Joshi,aarav.joshi56@mail.com,2023-07-23 05:18:37,REGULAR
C0057,Maya Bose,maya.bose57@mail.com,2025-05-21 08:07:25,REGULAR
C0058,Anaya Kapoor,anaya.kapoor58@mail.com,2025-06-23 21:31:50,REGULAR
C0059,Anaya Iyer,anaya.iyer59@shopmail.com,2024-07-20 11:11:37,PREMIUM
C0060,Tanya Khan,tanya.khan60@inbox.com,2025-11-02 01:04:47,REGULAR
C0061,Rahul Khan,rahul.khan61@inbox.com,2023-09-10 10:30:17,VIP
C0062,Aisha Reddy,aisha.reddy62@mail.com,2024-05-31 00:46:18,PREMIUM
C0063,Bhavna Reddy,bhavna.reddy63@inbox.com,2025-12-25 09:32:45,REGULAR
C0064,Vihaan Nair,vihaan.nair64@mail.com,2024-12-16 01:20:54,REGULAR
C0065,Aisha Nair,aisha.nair65@shopmail.com,2024-09-10 23:53:18,REGULAR
C0066,Gauri Mehta,gauri.mehta66@shopmail.com,2025-11-21 14:16:17,VIP
C0067,Aisha Verma,aisha.verma67@example.com,2024-02-10 18:48:30,REGULAR
C0068,Kavya Bose,kavya.bose68@inbox.com,2024-06-21 00:08:58,PREMIUM
C0069,Meera Mehta,meera.mehta69@inbox.com,2025-06-14 16:45:37,REGULAR
C0070,Aarav Nair,aarav.nair70@shopmail.com,2024-07-19 19:09:38,REGULAR
C0071,Meera Iyer,meera.iyer71@shopmail.com,2025-02-26 18:53:50,REGULAR
C0072,Jatin Iyer,jatin.iyer72@inbox.com,2025-05-11 05:59:43,REGULAR
C0073,Saanvi Iyer,saanvi.iyer73@shopmail.com,2024-09-22 19:34:46,REGULAR
C0074,Chirag Nair,chirag.nair74@shopmail.com,2024-10-29 19:23:30,PREMIUM
C0075,Nikhil Chatterjee,nikhil.chatterjee75@inbox.com,2024-11-17 20:54:43,REGULAR
C0076,Riya Sharma,riya.sharma76@shopmail.com,2024-03-16 20:19:26,REGULAR
C0077,Ishaan Khan,ishaan.khan77@mail.com,2025-11-11 03:38:26,REGULAR
C0078,Aisha Patel,aisha.patel78@example.com,2024-01-16 08:23:29,VIP
C0079,Nikhil Bose,nikhil.bose79@inbox.com,2025-09-05 07:21:18,REGULAR
C0080,Jatin Khan,jatin.khan80@example.com,2023-08-18 05:51:30,REGULAR
C0081,Lavanya Khan,lavanya.khan81@inbox.com,2023-10-01 05:31:50,PREMIUM
C0082,Arjun Khan,arjun.khan82@shopmail.com,2023-07-08 12:34:35,REGULAR
C0083,Maya Bose,maya.bose83@inbox.com,2025-05-01 02:08:48,REGULAR
C0084,Maya Singh,maya.singh84@inbox.com,2024-01-20 01:45:55,PREMIUM
C0085,Zoya Singh,zoya.singh85@mail.com,2024-11-14 07:38:20,REGULAR
C0086,Bhavna Joshi,bhavna.joshi86@mail.com,2024-05-11 15:38:11,PREMIUM
C0087,Rahul Khan,rahul.khan87@example.com,2024-08-18 00:35:26,REGULAR
C0088,Karan Bose,karan.bose88@example.com,2024-05-29 00:09:08,REGULAR
C0089,Tanya Bose,tanya.bose89@example.com,2024-08-28 00:44:52,VIP
C0090,Ira Das,ira.das90@inbox.com,2023-01-10 03:49:18,VIP
C0091,Karan Khan,karan.khan91inbox.com,2025-01-28 10:30:51,REGULAR
C0092,Aisha Mehta,aisha.mehta92@mail.com,2024-06-06 03:49:03,REGULAR
C0093,Nikhil Gupta,nikhil.gupta93@example.com,2025-08-24 15:25:15,REGULAR
C0094,Ishaan Bose,ishaan.bose94@example.com,2023-07-30 19:14:36,PREMIUM
C0095,Aditya Mehta,aditya.mehta95@shopmail.com,2024-05-23 12:35:31,REGULAR
C0096,Ira Singh,ira.singh96@inbox.com,2024-10-16 21:04:33,REGULAR
C0097,Aisha Patel,aisha.patel97@example.com,2024-06-27 15:28:02,REGULAR
C0098,Aisha Khan,aisha.khan98@mail.com,2023-11-06 16:42:17,PREMIUM
C0099,Zoya Gupta,zoya.gupta99@mail.com,2025-01-05 15:38:09,REGULAR
C0100,Nikhil Singh,nikhil.singh00@example.com,2024-07-27 01:24:32,REGULAR
C0101,Riya Iyer,riya.iyer01@inbox.com,2023-06-17 22:12:48,REGULAR
C0102,Jatin Nair,jatin.nair02@example.com,2023-04-29 01:21:14,REGULAR
C0103,Deepa Verma,deepa.verma03@inbox.com,2025-05-29 03:29:41,PREMIUM
C0104,Harsh Sharma,harsh.sharma04@inbox.com,2025-02-24 23:35:07,REGULAR
C0105,Pooja Verma,pooja.verma05@mail.com,2024-11-04 10:55:25,VIP
C0106,Lavanya Reddy,lavanya.reddy06@inbox.com,2025-03-21 12:07:42,VIP
C0107,Nikhil Bose,nikhil.bose07@example.com,2025-07-09 09:03:17,REGULAR
C0108,Bhavna Chatterjee,bhavna.chatterjee08@inbox.com,2024-01-14 19:53:16,PREMIUM
C0109,Farhan Malhotra,farhan.malhotra09@inbox.com,2025-02-06 21:04:55,PREMIUM
C0110,Tanya Kapoor,tanya.kapoor10@shopmail.com,2024-02-06 08:04:33,REGULAR
C0111,Aarav Nair,aarav.nair11@inbox.com,2023-05-13 23:52:57,REGULAR
C0112,Zoya Das,zoya.das12@example.com,2025-09-30 09:00:19,PREMIUM
C0113,Ishaan Iyer,ishaan.iyer13@shopmail.com,2023-12-11 05:42:45,REGULAR
C0114,Harsh Das,harsh.das14@shopmail.com,2025-05-09 18:58:02,REGULAR
C0115,Gauri Chatterjee,gauri.chatterjee15@example.com,2024-02-25 20:29:47,REGULAR
C0116,Shiv Joshi,shiv.joshi16@mail.com,2023-07-05 17:19:25,PREMIUM
C0117,Tanya Das,tanya.das17@shopmail.com,2024-03-05 12:39:11,PREMIUM
C0118,Kavya Nair,kavya.nair18@shopmail.com,2024-04-05 04:52:07,REGULAR
C0119,Aarav Gupta,aarav.gupta19@shopmail.com,2024-03-02 03:04:03,REGULAR
C0120,Neha Das,neha.das20@shopmail.com,2023-06-09 08:44:40,PREMIUM
C0121,Om Das,om.das21@shopmail.com,2024-11-15 05:52:01,REGULAR
C0122,Om Verma,om.verma22@example.com,2023-04-12 12:10:47,REGULAR
C0123,Rahul Gupta,rahul.gupta23@mail.com,2025-05-24 08:10:51,VIP
C0124,Meera Bose,meera.bose24@mail.com,2025-07-30 21:09:37,REGULAR
C0125,Ira Chatterjee,ira.chatterjee25@inbox.com,2024-11-18 17:50:07,REGULAR
C0126,Deepa Patel,deepa.patel26@mail.com,2025-08-05 00:41:15,VIP
C0127,Tanya Singh,tanya.singh27@mail.com,2025-10-22 22:32:44,REGULAR
C0128,Diya Reddy,diya.reddy28@inbox.com,2023-01-05 03:45:29,REGULAR
C0129,Chirag Patel,chirag.patel29@inbox.com,2023-12-26 14:03:34,REGULAR
C0130,Diya Khan,diya.khan30@mail.com,2024-02-15 23:18:40,PREMIUM
C0131,Lavanya Verma,lavanya.verma31@shopmail.com,2025-04-25 22:45:25,REGULAR
C0132,Rahul Sharma,rahul.sharma32@shopmail.com,2023-04-03 15:28:02,REGULAR
C0133,Maya Verma,maya.verma33shopmail.com,2024-12-29 02:19:36,REGULAR
C0134,Pooja Chatterjee,pooja.chatterjee34@shopmail.com,2023-05-05 23:05:22,REGULAR
C0135,Aditya Malhotra,aditya.malhotra35@example.com,2023-05-22 20:54:47,REGULAR
C0136,Bhavna Patel,bhavna.patel36@shopmail.com,2023-09-30 03:35:01,REGULAR
C0137,Saanvi Bose,saanvi.bose37@inbox.com,2025-09-13 02:29:22,PREMIUM
C0138,Gauri Bose,gauri.bose38@mail.com,2024-06-01 18:38:15,REGULAR
C0139,Farhan Bose,farhan.bose39@example.com,2025-12-13 14:01:44,REGULAR
C0140,Nikhil Sharma,nikhil.sharma40@inbox.com,2024-05-03 14:02:58,REGULAR
C0141,Aarav Chatterjee,aarav.chatterjee41@shopmail.com,2024-10-03 22:59:10,REGULAR
C0142,Pooja Chatterjee,pooja.chatterjee42@mail.com,2023-03-22 04:13:35,REGULAR
C0143,Chirag Chatterjee,chirag.chatterjee43@mail.com,2025-12-20 16:38:52,REGULAR
C0144,Riya Iyer,riya.iyer44@example.com,2025-05-05 16:46:00,REGULAR
C0145,Vihaan Verma,vihaan.verma45@inbox.com,2024-12-17 20:01:27,VIP
C0146,Chirag Singh,chirag.singh46@mail.com,2024-10-07 10:36:09,PREMIUM
C0147,Nikhil Gupta,nikhil.gupta47@mail.com,2024-08-18 21:07:23,REGULAR
C0148,Diya Singh,diya.singh48@shopmail.com,2024-10-06 14:10:29,REGULAR
C0149,Aarav Iyer,aarav.iyer49@inbox.com,2024-04-08 18:58:07,PREMIUM
C0150,Rahul Chatterjee,rahul.chatterjee50@inbox.com,2025-04-16 15:44:21,REGULAR
C0151,Nikhil Joshi,nikhil.joshi51@inbox.com,2023-10-21 01:28:12,VIP
C0152,Vihaan Bose,vihaan.bose52@inbox.com,2023-03-09 19:17:21,REGULAR
C0153,Ira Gupta,ira.gupta53@shopmail.com,2025-02-08 11:11:25,VIP
C0154,Kavya Chatterjee,kavya.chatterjee54@example.com,2023-06-04 21:31:17,REGULAR
C0155,Rahul Bose,rahul.bose55@inbox.com,2025-10-14 04:01:01,VIP
C0156,Aditya Joshi,aditya.joshi56@shopmail.com,2025-08-26 04:47:40,REGULAR
C0157,Ira Joshi,ira.joshi57@example.com,2025-08-31 16:46:01,PREMIUM
C0158,Diya Khan,diya.khan58@mail.com,2025-09-07 11:23:17,REGULAR
C0159,Ishaan Bose,ishaan.bose59@inbox.com,2023-06-02 22:13:32,PREMIUM
C0160,Riya Iyer,riya.iyer60@shopmail.com,2023-02-14 23:13:54,REGULAR
C0161,Gauri Kapoor,gauri.kapoor61@inbox.com,2024-10-31 01:10:02,REGULAR
C0162,Saanvi Reddy,saanvi.reddy62@mail.com,2023-09-29 23:03:31,REGULAR
C0163,Pooja Gupta,pooja.gupta63@inbox.com,2023-12-27 16:36:45,REGULAR
C0164,Aditya Malhotra,aditya.malhotra64@mail.com,2024-12-23 17:53:54,VIP
C0165,Diya Chatterjee,diya.chatterjee65@inbox.com,2024-06-20 19:37:12,VIP
C0166,Aditya Chatterjee,aditya.chatterjee66@inbox.com,2024-04-14 07:54:44,REGULAR
C0167,Kavya Khan,kavya.khan67@shopmail.com,2024-08-15 10:17:29,REGULAR
C0168,Chirag Malhotra,chirag.malhotra68@example.com,2025-10-19 12:35:10,REGULAR
C0169,Pooja Iyer,pooja.iyer69@mail.com,2023-12-24 11:26:07,REGULAR
C0170,Shiv Singh,shiv.singh70@example.com,2025-11-18 20:53:25,PREMIUM
C0171,Anaya Iyer,anaya.iyer71@mail.com,2024-11-15 19:04:47,REGULAR
C0172,Ishaan Iyer,ishaan.iyer72@mail.com,2024-05-22 12:58:18,PREMIUM
C0173,Neha Kapoor,neha.kapoor73@mail.com,2025-04-04 15:36:39,REGULAR
C0174,Aditya Das,aditya.das74@example.com,2024-04-03 11:40:14,PREMIUM
C0175,Nikhil Sharma,nikhil.sharma75@inbox.com,2023-08-07 15:48:06,PREMIUM
C0176,Harsh Sharma,harsh.sharma76@example.com,2024-09-04 22:48:21,REGULAR
C0177,Nikhil Kapoor,nikhil.kapoor77@inbox.com,2025-11-11 04:51:36,PREMIUM
C0178,Harsh Verma,harsh.verma78@shopmail.com,2025-11-14 07:43:49,REGULAR
C0179,Vihaan Sharma,vihaan.sharma79@inbox.com,2025-09-14 01:34:30,PREMIUM
C0180,Meera Gupta,meera.gupta80@inbox.com,2023-03-12 10:39:05,VIP
C0181,Meera Verma,meera.verma81@inbox.com,2023-12-31 17:58:46,PREMIUM
C0182,Nikhil Kapoor,nikhil.kapoor82@inbox.com,2025-11-07 13:32:16,VIP
C0183,Rahul Bose,rahul.bose83@inbox.com,2025-10-14 09:15:29,REGULAR
C0184,Bhavna Patel,bhavna.patel84@inbox.com,2025-12-08 07:31:42,REGULAR
C0185,Zoya Kapoor,zoya.kapoor85@shopmail.com,2023-06-04 08:12:31,VIP
C0186,Arjun Mehta,arjun.mehta86@inbox.com,2024-03-04 13:36:20,REGULAR
C0187,Ishaan Nair,ishaan.nair87@example.com,2025-09-23 20:28:35,REGULAR
C0188,Farhan Khan,farhan.khan88@example.com,2023-07-15 14:46:57,PREMIUM
C0189,Tanya Nair,tanya.nair89@example.com,2023-12-28 22:49:13,REGULAR
C0190,Bhavna Gupta,bhavna.gupta90@example.com,2023-07-21 22:27:28,REGULAR
C0191,Aisha Gupta,aisha.gupta91@shopmail.com,2023-01-24 02:01:59,REGULAR
C0192,Aisha Reddy,aisha.reddy92@example.com,2024-02-17 05:37:04,REGULAR
C0193,Diya Das,diya.das93@example.com,2024-11-27 08:54:40,PREMIUM
C0194,Maya Khan,maya.khan94@shopmail.com,2025-08-13 12:50:42,REGULAR
C0195,Nikhil Malhotra,nikhil.malhotra95@inbox.com,2023-04-05 11:44:07,VIP
C0196,Kavya Das,kavya.das96@shopmail.com,2024-11-20 01:12:08,REGULAR
C0197,Rahul Sharma,rahul.sharma97@shopmail.com,2023-07-16 00:45:48,REGULAR
C0198,Ira Iyer,ira.iyer98@example.com,2024-12-05 19:44:12,REGULAR
C0199,Meera Nair,meera.nair99@inbox.com,2024-10-30 02:10:10,REGULAR
C0200,Farhan Chatterjee,farhan.chatterjee00@shopmail.com,2024-09-11 09:44:19,REGULAR
C0201,Lavanya Joshi,lavanya.joshi01@inbox.com,2025-10-30 05:01:06,REGULAR
C0202,Diya Sharma,diya.sharma02@shopmail.com,2023-05-13 14:36:50,REGULAR
C0203,Neha Patel,neha.patel03@shopmail.com,2025-06-30 01:00:10,VIP
C0204,Meera Bose,meera.bose04@example.com,2024-07-03 07:05:30,PREMIUM
C0205,Chirag Iyer,chirag.iyer05mail.com,2024-06-30 06:19:12,REGULAR
C0206,Rahul Das,rahul.das06@shopmail.com,2023-12-15 08:27:16,PREMIUM
C0207,Meera Singh,meera.singh07@example.com,2025-06-10 19:59:58,REGULAR
C0208,Bhavna Malhotra,bhavna.malhotra08@shopmail.com,2023-10-08 06:23:55,REGULAR
C0209,Gauri Malhotra,gauri.malhotra09@inbox.com,2023-10-09 19:17:21,PREMIUM
C0210,Diya Gupta,diya.gupta10@mail.com,2025-09-10 14:21:48,VIP
C0211,Ira Bose,ira.bose11@shopmail.com,2024-12-05 17:08:27,REGULAR
C0212,Esha Sharma,esha.sharma12@example.com,2023-03-23 17:23:57,REGULAR
C0213,Ishaan Singh,ishaan.singh13@inbox.com,2024-11-19 08:26:56,REGULAR
C0214,Karan Singh,karan.singh14@shopmail.com,2023-12-01 20:59:36,PREMIUM
C0215,Lavanya Verma,lavanya.verma15@inbox.com,2024-03-16 00:11:37,REGULAR
C0216,Deepa Patel,deepa.patel16@example.com,2023-12-09 13:31:23,REGULAR
C0217,Aarav Nair,aarav.nair17@shopmail.com,2024-04-13 05:43:41,VIP
C0218,Chirag Joshi,chirag.joshi18@mail.com,2023-07-06 09:20:26,REGULAR
C0219,Neha Mehta,neha.mehta19@shopmail.com,2025-04-07 08:06:32,PREMIUM
C0220,Diya Mehta,diya.mehta20@example.com,2023-03-07 17:08:33,REGULAR
C0221,Esha Bose,esha.bose21@shopmail.com,2025-06-09 17:53:22,REGULAR
C0222,Meera Mehta,meera.mehta22@inbox.com,2023-02-02 09:35:19,VIP
C0223,Harsh Sharma,harsh.sharma23@inbox.com,2024-11-09 09:47:42,PREMIUM
C0224,Jatin Sharma,jatin.sharma24@mail.com,2024-09-06 19:15:06,PREMIUM
C0225,Farhan Reddy,farhan.reddy25@mail.com,2023-04-29 15:37:46,REGULAR
C0226,Gauri Kapoor,gauri.kapoor26@example.com,2025-09-29 15:51:29,PREMIUM
C0227,Rahul Singh,rahul.singh27@example.com,2023-11-03 10:49:33,REGULAR
C0228,Saanvi Das,saanvi.das28@inbox.com,2024-12-21 17:25:26,PREMIUM
C0229,Esha Joshi,esha.joshi29@inbox.com,2023-08-23 12:05:59,REGULAR
C0230,Deepa Singh,deepa.singh30@example.com,2025-07-07 17:43:36,REGULAR
C0231,Deepa Chatterjee,deepa.chatterjee31@shopmail.com,2024-12-03 00:34:12,REGULAR
C0232,Diya Sharma,diya.sharma32@inbox.com,2025-08-13 09:10:28,REGULAR
C0233,Anaya Chatterjee,anaya.chatterjee33@inbox.com,2025-06-07 00:54:21,REGULAR
C0234,Rahul Patel,rahul.patel34@example.com,2024-11-30 20:43:08,REGULAR
C0235,Saanvi Patel,saanvi.patel35@mail.com,2024-01-20 20:33:19,PREMIUM
C0236,Harsh Kapoor,harsh.kapoor36@example.com,2024-03-15 11:02:13,REGULAR
C0237,Farhan Sharma,farhan.sharma37@shopmail.com,2024-05-27 03:45:44,REGULAR
C0238,Aditya Gupta,aditya.gupta38@shopmail.com,2024-06-01 20:38:15,REGULAR
C0239,Deepa Mehta,deepa.mehta39@shopmail.com,2023-07-20 07:39:58,REGULAR
C0240,Ira Joshi,ira.joshi40@example.com,2023-07-18 12:29:48,REGULAR
C0241,Lavanya Kapoor,lavanya.kapoor41@mail.com,2023-01-29 07:41:01,REGULAR
C0242,Farhan Das,farhan.das42@mail.com,2023-10-26 06:28:26,REGULAR
C0243,Diya Iyer,diya.iyer43@example.com,2023-06-07 02:48:03,REGULAR
C0244,Farhan Gupta,farhan.gupta44@mail.com,2025-07-16 18:57:40,REGULAR
C0245,Riya Chatterjee,riya.chatterjee45@inbox.com,2023-03-09 20:58:18,REGULAR
C0246,Chirag Chatterjee,chirag.chatterjee46@inbox.com,2023-12-30 12:15:43,REGULAR
C0247,Shiv Kapoor,shiv.kapoor47@inbox.com,2025-11-19 17:06:40,VIP
C0248,Chirag Mehta,chirag.mehta48@mail.com,2025-02-20 05:43:13,REGULAR
C0249,Neha Singh,neha.singh49@example.com,2023-03-23 01:24:14,REGULAR
C0250,Meera Iyer,meera.iyer50@inbox.com,2023-05-11 07:05:28,PREMIUM
C0251,Rahul Bose,rahul.bose51@inbox.com,2023-05-23 11:19:46,VIP
C0252,Gauri Malhotra,gauri.malhotra52@shopmail.com,2024-10-06 12:28:40,REGULAR
C0253,Zoya Mehta,zoya.mehta53@shopmail.com,2023-05-07 18:28:16,REGULAR
C0254,Kavya Joshi,kavya.joshi54@inbox.com,2023-08-15 21:06:46,REGULAR
C0255,Neha Das,neha.das55@example.com,2024-11-27 21:04:30,REGULAR
C0256,Aditya Nair,aditya.nair56@inbox.com,2023-08-21 06:29:43,REGULAR
C0257,Meera Iyer,meera.iyer57@mail.com,2024-01-05 03:52:11,REGULAR
C0258,Karan Chatterjee,karan.chatterjee58@example.com,2023-04-08 13:37:13,REGULAR
C0259,Zoya Gupta,zoya.gupta59@shopmail.com,2024-03-28 11:24:24,REGULAR
C0260,Zoya Bose,zoya.bose60@shopmail.com,2023-10-18 23:34:07,REGULAR
C0261,Diya Malhotra,diya.malhotra61@inbox.com,2024-08-29 13:10:12,PREMIUM
C0262,Harsh Singh,harsh.singh62@shopmail.com,2023-01-26 05:33:15,REGULAR
C0263,Zoya Verma,zoya.verma63@mail.com,2025-06-22 22:55:41,PREMIUM
C0264,Anaya Kapoor,anaya.kapoor64@inbox.com,2025-04-28 04:52:04,REGULAR
C0265,Om Reddy,om.reddy65@example.com,2023-07-29 11:40:07,REGULAR
C0266,Chirag Nair,chirag.nair66@shopmail.com,2023-03-10 01:12:58,PREMIUM
C0267,Deepa Mehta,deepa.mehta67@mail.com,2025-04-23 13:39:06,REGULAR
C0268,Chirag Kapoor,chirag.kapoor68@shopmail.com,2023-03-16 06:15:48,PREMIUM
C0269,Meera Kapoor,meera.kapoor69@inbox.com,2024-11-09 18:43:41,PREMIUM
C0270,Farhan Reddy,farhan.reddy70@shopmail.com,2025-02-09 19:47:49,REGULAR
C0271,Ishaan Bose,ishaan.bose71@shopmail.com,2023-05-03 14:36:43,REGULAR
C0272,Esha Verma,esha.verma72@shopmail.com,2023-05-05 09:11:07,REGULAR
C0273,Maya Bose,maya.bose73@inbox.com,2023-09-16 20:58:02,REGULAR
C0274,Anaya Kapoor,anaya.kapoor74@example.com,2025-08-13 03:19:28,VIP
C0275,Diya Mehta,diya.mehta75@example.com,2024-07-18 09:13:14,REGULAR
C0276,Rahul Chatterjee,rahul.chatterjee76@shopmail.com,2023-02-24 01:23:58,REGULAR
C0277,Harsh Mehta,harsh.mehta77@inbox.com,2025-05-31 04:24:47,REGULAR
C0278,Harsh Kapoor,harsh.kapoor78@mail.com,2024-11-20 15:15:22,PREMIUM
C0279,Harsh Mehta,harsh.mehta79@example.com,2024-05-03 09:08:19,REGULAR
C0280,Aisha Reddy,aisha.reddy80@example.com,2025-02-14 05:42:26,REGULAR
C0281,Aditya Singh,aditya.singh81@shopmail.com,2025-12-29 16:25:55,REGULAR
C0282,Pooja Nair,pooja.nair82@inbox.com,2023-07-10 12:15:16,REGULAR
C0283,Saanvi Chatterjee,saanvi.chatterjee83@shopmail.com,2023-05-17 09:04:33,PREMIUM
C0284,Diya Iyer,diya.iyer84@shopmail.com,2024-04-10 23:11:43,PREMIUM
C0285,Vihaan Verma,vihaan.verma85@inbox.com,2023-11-09 05:05:28,PREMIUM
C0286,Aisha Kapoor,aisha.kapoor86@mail.com,2025-05-10 15:24:58,REGULAR
C0287,Ishaan Sharma,ishaan.sharma87@inbox.com,2024-04-25 11:11:37,REGULAR
C0288,Karan Sharma,karan.sharma88@inbox.com,2023-07-14 16:31:15,VIP
C0289,Nikhil Kapoor,nikhil.kapoor89@mail.com,2023-07-19 08:39:39,PREMIUM
C0290,Neha Bose,neha.bose90@example.com,2025-02-20 04:07:14,VIP
C0291,Rahul Iyer,rahul.iyer91@shopmail.com,2023-09-13 18:51:39,REGULAR
C0292,Chirag Sharma,chirag.sharma92@shopmail.com,2024-01-25 07:14:35,REGULAR
C0293,Neha Iyer,neha.iyer93@mail.com,2025-08-12 11:32:47,REGULAR
C0294,Rahul Reddy,rahul.reddy94@shopmail.com,2025-10-20 07:20:29,REGULAR
C0295,Anaya Malhotra,anaya.malhotra95@shopmail.com,2023-05-07 04:12:27,REGULAR
C0296,Tanya Bose,tanya.bose96@shopmail.com,2025-08-18 04:45:08,REGULAR
C0297,Deepa Das,deepa.das97@shopmail.com,2024-01-16 09:42:36,PREMIUM
C0298,Nikhil Sharma,nikhil.sharma98@inbox.com,2025-12-05 17:22:29,REGULAR
C0299,Om Chatterjee,om.chatterjee99@shopmail.com,2023-11-13 22:31:45,REGULAR
C0300,Esha Kapoor,esha.kapoor00@example.com,2024-09-11 09:13:57,REGULAR
C0301,Esha Khan,esha.khan01@mail.com,2024-12-25 15:21:28,REGULAR
C0302,Rahul Verma,rahul.verma02@inbox.com,2023-03-20 14:42:07,REGULAR
C0303,Zoya Reddy,zoya.reddy03@mail.com,2024-05-23 15:41:31,VIP
C0304,Riya Das,riya.das04@inbox.com,2025-03-10 14:19:58,REGULAR
C0305,Aisha Sharma,aisha.sharma05@mail.com,2024-09-02 21:07:52,REGULAR
C0306,Gauri Patel,gauri.patel06@inbox.com,2023-03-20 12:16:58,REGULAR
C0307,Chirag Malhotra,chirag.malhotra07@shopmail.com,2023-06-16 23:46:54,REGULAR
C0308,Jatin Kapoor,jatin.kapoor08@mail.com,2023-03-12 06:45:31,REGULAR
C0309,Harsh Iyer,harsh.iyer09@shopmail.com,2023-04-25 05:27:44,REGULAR
C0310,Meera Gupta,meera.gupta10@shopmail.com,2023-05-31 04:32:49,REGULAR
C0311,Rahul Nair,rahul.nair11@example.com,2025-07-24 21:26:48,REGULAR
C0312,Anaya Patel,anaya.patel12@inbox.com,2023-08-01 21:05:10,PREMIUM
C0313,Rahul Gupta,rahul.gupta13@mail.com,2024-05-24 11:27:10,VIP
C0314,Jatin Iyer,jatin.iyer14@inbox.com,2025-07-11 07:39:34,REGULAR
C0315,Deepa Das,deepa.das15@inbox.com,2023-01-26 20:16:14,REGULAR
C0316,Deepa Malhotra,deepa.malhotra16@mail.com,2025-07-16 06:24:12,REGULAR
C0317,Arjun Das,arjun.das17@inbox.com,2023-09-22 21:09:01,REGULAR
C0318,Rahul Khan,rahul.khan18@mail.com,2023-02-19 01:02:02,REGULAR
C0319,Aisha Chatterjee,aisha.chatterjee19@mail.com,2024-05-02 07:18:12,REGULAR
C0320,Karan Das,karan.das20@mail.com,2023-04-07 18:00:52,PREMIUM
C0321,Esha Das,esha.das21@inbox.com,2025-03-27 07:12:29,REGULAR
C0322,Farhan Kapoor,farhan.kapoor22@inbox.com,2025-11-15 22:12:24,PREMIUM
C0323,Shiv Khan,shiv.khan23@shopmail.com,2024-03-09 10:06:44,REGULAR
C0324,Chirag Nair,chirag.nair24@inbox.com,2025-12-08 06:00:32,PREMIUM
C0325,Gauri Singh,gauri.singh25@inbox.com,2024-03-23 01:33:56,REGULAR
C0326,Jatin Kapoor,jatin.kapoor26@example.com,2023-08-16 13:01:32,REGULAR
C0327,Gauri Chatterjee,gauri.chatterjee27@mail.com,2025-10-16 00:24:38,REGULAR
C0328,Shiv Singh,shiv.singh28@example.com,2025-05-23 01:33:01,REGULAR
C0329,Zoya Khan,zoya.khan29@mail.com,2023-03-20 20:40:20,REGULAR
C0330,Vihaan Patel,vihaan.patel30@example.com,2023-06-05 15:39:02,REGULAR
C0331,Neha Malhotra,neha.malhotra31@inbox.com,2025-05-04 22:37:50,VIP
C0332,Om Das,om.das32@shopmail.com,2025-10-07 13:50:25,REGULAR
C0333,Chirag Patel,chirag.patel33@example.com,2023-05-19 23:20:14,REGULAR
C0334,Saanvi Bose,saanvi.bose34@inbox.com,2023-10-01 01:52:40,VIP
C0335,Pooja Reddy,pooja.reddy35@shopmail.com,2024-03-25 16:06:39,PREMIUM
C0336,Kavya Joshi,kavya.joshi36@inbox.com,2024-03-18 01:13:38,REGULAR
C0337,Neha Chatterjee,neha.chatterjee37@shopmail.com,2024-02-28 20:06:13,REGULAR
C0338,Riya Chatterjee,riya.chatterjee38@example.com,2025-10-04 01:49:45,REGULAR
C0339,Farhan Iyer,farhan.iyer39@mail.com,2025-06-01 00:25:05,REGULAR
C0340,Jatin Bose,jatin.bose40@example.com,2025-03-11 11:03:19,REGULAR
C0341,Saanvi Gupta,saanvi.gupta41@example.com,2025-01-11 16:46:44,REGULAR
C0342,Aditya Mehta,aditya.mehta42@shopmail.com,2024-01-01 20:52:07,REGULAR
C0343,Deepa Malhotra,deepa.malhotra43@example.com,2024-02-11 07:24:29,REGULAR
C0344,Meera Chatterjee,meera.chatterjee44@shopmail.com,2024-04-21 14:34:10,REGULAR
C0345,Meera Iyer,meera.iyer45@mail.com,2024-07-24 23:01:47,REGULAR
C0346,Om Gupta,om.gupta46@shopmail.com,2024-12-07 18:50:03,PREMIUM
C0347,Karan Das,karan.das47@mail.com,2025-04-15 00:06:42,PREMIUM
C0348,Ishaan Chatterjee,ishaan.chatterjee48@example.com,2025-03-31 11:43:16,PREMIUM
C0349,Arjun Nair,arjun.nair49@shopmail.com,2025-06-08 15:51:57,REGULAR
C0350,Maya Verma,maya.verma50@inbox.com,2025-11-22 19:14:41,REGULAR
C0351,Ishaan Chatterjee,ishaan.chatterjee51@inbox.com,2023-03-28 10:15:11,REGULAR
C0352,Nikhil Patel,nikhil.patel52@example.com,2025-05-18 01:28:10,REGULAR
C0353,Jatin Singh,jatin.singh53@example.com,2023-01-05 16:25:29,PREMIUM
C0354,Anaya Bose,anaya.bose54@example.com,2024-06-19 04:58:01,PREMIUM
C0355,Diya Das,diya.das55@mail.com,2023-02-19 07:09:42,REGULAR
C0356,Karan Kapoor,karan.kapoor56@inbox.com,2024-08-17 03:52:25,REGULAR
C0357,Ishaan Gupta,ishaan.gupta57@mail.com,2025-10-12 05:31:01,PREMIUM
C0358,Jatin Gupta,jatin.gupta58@shopmail.com,2023-12-12 22:29:34,PREMIUM
C0359,Nikhil Bose,nikhil.bose59@mail.com,2025-04-06 07:55:20,REGULAR
C0360,Nikhil Kapoor,nikhil.kapoor60@example.com,2023-08-29 23:20:38,REGULAR
C0361,Karan Malhotra,karan.malhotra61@example.com,2024-01-09 20:41:23,REGULAR
C0362,Maya Patel,maya.patel62@inbox.com,2024-01-16 04:21:01,PREMIUM
C0363,Vihaan Nair,vihaan.nair63@mail.com,2023-03-29 16:23:10,REGULAR
C0364,Esha Joshi,esha.joshi64@mail.com,2024-01-04 00:25:21,REGULAR
C0365,Karan Iyer,karan.iyer65@mail.com,2024-03-03 10:28:54,REGULAR
C0366,Lavanya Das,lavanya.das66@shopmail.com,2023-03-14 19:57:56,VIP
C0367,Karan Bose,karan.bose67@inbox.com,2023-08-20 19:14:08,REGULAR
C0368,Zoya Khan,zoya.khan68@inbox.com,2024-04-12 04:15:58,PREMIUM
C0369,Arjun Bose,arjun.bose69@inbox.com,2024-10-09 00:32:19,REGULAR
C0370,Zoya Singh,zoya.singh70@inbox.com,2023-11-12 20:56:34,REGULAR
C0371,Harsh Sharma,harsh.sharma71@example.com,2025-04-12 01:56:24,PREMIUM
C0372,Bhavna Mehta,bhavna.mehta72@example.com,2025-11-12 12:18:34,REGULAR
C0373,Shiv Nair,shiv.nair73@shopmail.com,2025-01-14 17:06:41,REGULAR
C0374,Aarav Nair,aarav.nair74@inbox.com,2023-10-23 04:35:48,VIP
C0375,Zoya Nair,zoya.nair75@shopmail.com,2024-09-08 03:30:53,VIP
C0376,Chirag Mehta,chirag.mehta76@shopmail.com,2024-12-25 07:04:37,REGULAR
C0377,Aditya Kapoor,aditya.kapoor77@example.com,2025-03-07 15:11:10,PREMIUM
C0378,Om Joshi,om.joshi78@example.com,2023-11-12 13:08:30,REGULAR
C0379,Vihaan Gupta,vihaan.gupta79@inbox.com,2023-01-26 04:43:18,REGULAR
C0380,Chirag Gupta,chirag.gupta80@mail.com,2023-11-01 18:33:35,REGULAR
C0381,Pooja Joshi,pooja.joshi81@inbox.com,2024-02-04 17:50:12,PREMIUM
C0382,Nikhil Reddy,nikhil.reddy82@inbox.com,2024-07-01 02:04:45,REGULAR
C0383,Saanvi Patel,saanvi.patel83@example.com,2025-03-24 22:03:49,REGULAR
C0384,Aarav Bose,aarav.bose84@example.com,2023-08-02 14:03:20,PREMIUM
C0385,Rahul Malhotra,rahul.malhotra85@example.com,2023-12-06 18:27:37,REGULAR
C0386,Om Das,om.das86@inbox.com,2023-01-25 10:31:22,REGULAR
C0387,Aarav Malhotra,aarav.malhotra87@shopmail.com,2025-04-02 10:07:13,PREMIUM
C0388,Aisha Bose,aisha.bose88@mail.com,2023-10-06 11:33:08,REGULAR
C0389,Zoya Nair,zoya.nair89@shopmail.com,2025-08-20 19:06:16,REGULAR
C0390,Jatin Sharma,jatin.sharma90@mail.com,2024-08-02 12:22:15,VIP
C0391,Vihaan Iyer,vihaan.iyer91@example.com,2025-11-28 14:55:12,PREMIUM
C0392,Ishaan Mehta,ishaan.mehta92@example.com,2024-08-12 03:59:15,REGULAR
C0393,Aarav Reddy,aarav.reddy93.c0393,2023-05-09 10:45:43,REGULAR
C0394,Kavya Patel,kavya.patel94@inbox.com,2023-12-23 22:18:57,REGULAR
C0395,Bhavna Patel,bhavna.patel95@example.com,2023-04-26 11:53:47,REGULAR
C0396,Saanvi Joshi,saanvi.joshi96@mail.com,2023-01-25 07:46:33,VIP
C0397,Jatin Sharma,jatin.sharma97@inbox.com,2024-04-09 21:51:04,REGULAR
C0398,Farhan Mehta,farhan.mehta98@shopmail.com,2023-08-06 09:44:10,PREMIUM
C0399,Arjun Verma,arjun.verma99@shopmail.com,2024-11-09 23:49:52,REGULAR
C0400,Jatin Joshi,jatin.joshi00@inbox.com,2023-02-16 00:31:28,REGULAR
C0401,Vihaan Kapoor,vihaan.kapoor01@mail.com,2025-05-09 02:44:26,VIP
C0402,Ira Sharma,ira.sharma02@example.com,2025-08-18 23:40:19,REGULAR
C0403,Ishaan Singh,ishaan.singh03@inbox.com,2023-08-28 13:46:27,REGULAR
C0404,Esha Kapoor,esha.kapoor04@inbox.com,2023-06-15 12:30:22,REGULAR
C0405,Harsh Singh,harsh.singh05@inbox.com,2023-06-08 19:27:48,REGULAR
C0406,Maya Bose,maya.bose06@example.com,2023-06-10 11:02:22,REGULAR
C0407,Esha Mehta,esha.mehta07@example.com,2023-01-20 04:05:29,REGULAR
C0408,Zoya Reddy,zoya.reddy08@shopmail.com,2025-11-30 14:25:55,REGULAR
C0409,Deepa Singh,deepa.singh09@inbox.com,2025-02-05 00:59:35,REGULAR
C0410,Bhavna Bose,bhavna.bose10@shopmail.com,2024-04-10 15:34:26,REGULAR
C0411,Aditya Khan,aditya.khan11@mail.com,2025-08-28 22:56:41,REGULAR
C0412,Nikhil Verma,nikhil.verma12@shopmail.com,2023-07-30 11:24:56,REGULAR
C0413,Ira Joshi,ira.joshi13@mail.com,2024-11-14 20:42:00,REGULAR
C0414,Deepa Joshi,deepa.joshi14.c0414,2025-07-26 01:20:45,VIP
C0415,Esha Reddy,esha.reddy15@inbox.com,2024-09-10 15:26:51,VIP
C0416,Zoya Joshi,zoya.joshi16@shopmail.com,2024-08-07 04:21:28,REGULAR
C0417,Meera Nair,meera.nair17@example.com,2025-07-08 23:49:26,VIP
C0418,Nikhil Nair,nikhil.nair18@inbox.com,2024-11-12 02:47:07,PREMIUM
C0419,Pooja Gupta,pooja.gupta19@mail.com,2025-09-10 20:28:44,REGULAR
C0420,Lavanya Mehta,lavanya.mehta20@inbox.com,2023-04-25 21:37:12,REGULAR
C0421,Jatin Bose,jatin.bose21@example.com,2025-04-24 12:33:44,REGULAR
C0422,Kavya Khan,kavya.khan22@example.com,2025-10-18 13:09:58,REGULAR
C0423,Jatin Joshi,jatin.joshi23@shopmail.com,2024-10-30 16:32:45,REGULAR
C0424,Vihaan Khan,vihaan.khan24@mail.com,2024-11-23 11:49:44,REGULAR
C0425,Gauri Malhotra,gauri.malhotra25@example.com,2025-01-19 23:00:38,REGULAR
C0426,Meera Gupta,meera.gupta26@mail.com,2024-06-25 02:38:00,REGULAR
C0427,Om Kapoor,om.kapoor27@shopmail.com,2025-01-09 16:37:33,REGULAR
C0428,Diya Iyer,diya.iyer28@example.com,2023-03-11 09:54:17,PREMIUM
C0429,Farhan Verma,farhan.verma29@mail.com,2025-11-17 21:35:02,PREMIUM
C0430,Riya Joshi,riya.joshi30@mail.com,2025-05-19 16:40:54,REGULAR
C0431,Jatin Reddy,jatin.reddy31@inbox.com,2023-10-17 13:00:29,REGULAR
C0432,Aisha Nair,aisha.nair32@example.com,2024-11-29 09:22:16,REGULAR
C0433,Tanya Nair,tanya.nair33@example.com,2024-03-08 09:26:50,PREMIUM
C0434,Saanvi Kapoor,saanvi.kapoor34@shopmail.com,2024-05-21 09:35:54,REGULAR
C0435,Pooja Joshi,pooja.joshi35@example.com,2025-07-16 08:41:08,REGULAR
C0436,Gauri Kapoor,gauri.kapoor36@example.com,2024-12-12 06:16:47,REGULAR
C0437,Neha Joshi,neha.joshi37@mail.com,2023-07-03 02:12:03,REGULAR
C0438,Harsh Gupta,harsh.gupta38@mail.com,2025-03-04 12:55:53,REGULAR
C0439,Ira Bose,ira.bose39@mail.com,2023-10-16 13:23:59,REGULAR
C0440,Riya Das,riya.das40@,2024-03-24 16:32:27,REGULAR
C0441,Arjun Kapoor,arjun.kapoor41@inbox.com,2023-01-15 21:17:47,REGULAR
C0442,Pooja Bose,pooja.bose42@inbox.com,2025-11-29 15:20:31,REGULAR
C0443,Riya Sharma,riya.sharma43@shopmail.com,2025-05-28 07:33:28,REGULAR
C0444,Anaya Singh,anaya.singh44@inbox.com,2023-12-16 06:46:12,REGULAR
C0445,Pooja Verma,pooja.verma45shopmail.com,2025-06-08 16:19:39,REGULAR
C0446,Anaya Chatterjee,anaya.chatterjee46@example.com,2025-04-28 17:31:35,REGULAR
C0447,Zoya Iyer,zoya.iyer47@example.com,2023-02-20 01:38:10,REGULAR
C0448,Maya Verma,maya.verma48@shopmail.com,2024-01-04 01:59:21,REGULAR
C0449,Lavanya Reddy,lavanya.reddy49@mail.com,2025-08-15 03:46:54,REGULAR
C0450,Arjun Kapoor,arjun.kapoor50@mail.com,2025-04-06 20:51:59,REGULAR
C0451,Esha Iyer,esha.iyer51@example.com,2024-03-25 11:07:30,REGULAR
C0452,Neha Bose,neha.bose52@mail.com,2023-04-03 02:20:16,VIP
C0453,Zoya Gupta,zoya.gupta53@inbox.com,2024-05-15 08:38:08,PREMIUM
C0454,Rahul Singh,rahul.singh54@example.com,2025-09-02 06:33:30,REGULAR
C0455,Ishaan Mehta,ishaan.mehta55@inbox.com,2025-03-11 23:27:48,PREMIUM
C0456,Pooja Joshi,pooja.joshi56@inbox.com,2025-06-23 00:52:31,REGULAR
C0457,Gauri Sharma,gauri.sharma57@mail.com,2025-04-10 04:47:17,REGULAR
C0458,Pooja Singh,pooja.singh58@mail.com,2024-05-16 13:17:06,PREMIUM
C0459,Pooja Joshi,pooja.joshi59@example.com,2025-11-26 07:22:48,PREMIUM
C0460,Nikhil Malhotra,nikhil.malhotra60@inbox.com,2023-07-12 23:53:51,VIP
C0461,Nikhil Malhotra,nikhil.malhotra61@shopmail.com,2024-10-26 13:30:50,REGULAR
C0462,Riya Singh,riya.singh62@example.com,2023-05-25 23:58:00,REGULAR
C0463,Harsh Reddy,harsh.reddy63@mail.com,2023-03-22 10:46:10,REGULAR
C0464,Lavanya Sharma,lavanya.sharma64@inbox.com,2025-12-29 03:45:52,REGULAR
C0465,Diya Gupta,diya.gupta65@example.com,2025-07-11 05:58:33,REGULAR
C0466,Aarav Joshi,aarav.joshi66@mail.com,2023-07-07 08:03:43,VIP
C0467,Om Sharma,om.sharma67@example.com,2023-12-22 15:45:28,REGULAR
C0468,Esha Kapoor,esha.kapoor68@mail.com,2024-04-09 21:02:50,REGULAR
C0469,Diya Malhotra,diya.malhotra69@shopmail.com,2025-08-06 02:21:01,REGULAR
C0470,Tanya Gupta,tanya.gupta70@mail.com,2024-10-01 13:39:26,REGULAR
C0471,Ishaan Verma,ishaan.verma71@inbox.com,2023-08-06 12:04:05,PREMIUM
C0472,Gauri Bose,gauri.bose72@shopmail.com,2024-05-03 13:32:47,PREMIUM
C0473,Ishaan Khan,ishaan.khan73@shopmail.com,2025-05-09 16:07:18,REGULAR
C0474,Aisha Iyer,aisha.iyer74@mail.com,2023-11-16 03:34:17,REGULAR
C0475,Jatin Iyer,jatin.iyer75@inbox.com,2025-09-30 18:57:19,REGULAR
C0476,Ira Verma,ira.verma76@example.com,2024-01-10 12:10:45,REGULAR
C0477,Aarav Kapoor,aarav.kapoor77@inbox.com,2024-05-06 14:57:20,REGULAR
C0478,Harsh Reddy,harsh.reddy78@example.com,2025-01-01 16:41:52,VIP
C0479,Diya Malhotra,diya.malhotra79@inbox.com,2024-02-12 06:58:32,REGULAR
C0480,Chirag Bose,chirag.bose80@mail.com,2024-10-20 00:01:45,PREMIUM
C0481,Bhavna Sharma,bhavna.sharma81@mail.com,2024-04-26 10:09:58,REGULAR
C0482,Esha Mehta,esha.mehta82@shopmail.com,2025-06-29 23:57:43,REGULAR
C0483,Lavanya Khan,lavanya.khan83@example.com,2023-03-31 22:53:24,REGULAR
C0484,Nikhil Patel,nikhil.patel84@example.com,2024-04-25 11:10:09,REGULAR
C0485,Aarav Gupta,aarav.gupta85@shopmail.com,2025-12-25 17:48:04,REGULAR
C0486,Aditya Reddy,aditya.reddy86@example.com,2024-07-31 16:17:50,REGULAR
C0487,Aisha Joshi,aisha.joshi87@shopmail.com,2024-10-28 22:22:48,REGULAR
C0488,Diya Das,diya.das88@inbox.com,2024-12-08 03:00:11,REGULAR
C0489,Riya Kapoor,riya.kapoor89.c0489,2023-09-02 08:56:28,REGULAR
C0490,Vihaan Malhotra,vihaan.malhotra90@mail.com,2023-03-10 09:51:07,PREMIUM
C0491,Anaya Das,anaya.das91@mail.com,2024-07-19 10:01:38,REGULAR
C0492,Anaya Bose,anaya.bose92@shopmail.com,2023-12-15 18:32:15,REGULAR
C0493,Bhavna Sharma,bhavna.sharma93@example.com,2025-06-06 20:24:18,REGULAR
C0494,Saanvi Khan,saanvi.khan94@example.com,2025-03-12 05:27:11,VIP
C0495,Nikhil Iyer,nikhil.iyer95@inbox.com,2024-04-27 15:39:09,REGULAR
C0496,Aarav Kapoor,aarav.kapoor96@mail.com,2023-11-08 17:33:46,REGULAR
C0497,Nikhil Kapoor,nikhil.kapoor97@mail.com,2025-07-08 03:50:12,VIP
C0498,Rahul Malhotra,rahul.malhotra98@shopmail.com,2024-09-28 23:15:15,REGULAR
C0499,Aarav Joshi,aarav.joshi99@shopmail.com,2023-01-03 06:30:31,PREMIUM
C0500,Kavya Nair,kavya.nair00@inbox.com,2025-04-03 00:54:56,VIP
C0501,Arjun Gupta,arjun.gupta01@inbox.com,2024-03-10 16:38:32,REGULAR
C0502,Harsh Chatterjee,harsh.chatterjee02mail.com,2023-05-12 21:23:29,REGULAR
C0503,Jatin Sharma,jatin.sharma03@mail.com,2025-07-08 11:28:24,REGULAR
C0504,Zoya Iyer,zoya.iyer04@shopmail.com,2024-02-10 10:26:50,PREMIUM
C0505,Esha Chatterjee,esha.chatterjee05@mail.com,2024-02-27 11:14:59,REGULAR
C0506,Kavya Gupta,kavya.gupta06@shopmail.com,2023-06-14 03:12:23,REGULAR
C0507,Karan Verma,karan.verma07@inbox.com,2025-04-12 12:42:55,REGULAR
C0508,Deepa Chatterjee,deepa.chatterjee08@mail.com,2024-02-16 16:12:41,PREMIUM
C0509,Deepa Patel,deepa.patel09@mail.com,2023-12-01 00:33:21,PREMIUM
C0510,Ishaan Khan,ishaan.khan10@shopmail.com,2024-07-06 15:03:04,REGULAR
C0511,Aditya Reddy,aditya.reddy11@mail.com,2023-02-18 06:49:27,VIP
C0512,Kavya Chatterjee,kavya.chatterjee12@example.com,2023-06-08 07:22:52,PREMIUM
C0513,Aarav Patel,aarav.patel13@shopmail.com,2023-12-12 07:30:08,REGULAR
C0514,Ishaan Singh,ishaan.singh14@mail.com,2023-04-27 11:43:29,REGULAR
C0515,Maya Gupta,maya.gupta15@example.com,2023-05-23 21:12:43,VIP
C0516,Anaya Chatterjee,anaya.chatterjee16@inbox.com,2023-03-20 15:54:37,REGULAR
C0517,Jatin Das,jatin.das17@mail.com,2023-02-15 19:10:46,REGULAR
C0518,Gauri Nair,gauri.nair18@mail.com,2023-10-18 17:29:57,REGULAR
C0519,Anaya Khan,anaya.khan19@inbox.com,2025-10-02 12:17:16,REGULAR
C0520,Arjun Sharma,arjun.sharma20@mail.com,2024-03-10 14:48:17,REGULAR
C0521,Zoya Malhotra,zoya.malhotra21@inbox.com,2024-08-17 04:33:43,PREMIUM
C0522,Pooja Kapoor,pooja.kapoor22@shopmail.com,2025-05-28 17:00:07,REGULAR
C0523,Saanvi Malhotra,saanvi.malhotra23@shopmail.com,2024-05-10 08:37:02,REGULAR
C0524,Arjun Das,arjun.das24@mail.com,2025-04-02 10:39:59,REGULAR
C0525,Riya Verma,riya.verma25@example.com,2024-01-21 00:46:50,REGULAR
C0526,Vihaan Mehta,vihaan.mehta26@mail.com,2024-07-05 04:04:31,VIP
C0527,Zoya Joshi,zoya.joshi27@example.com,2025-12-19 17:24:12,REGULAR
C0528,Gauri Gupta,gauri.gupta28@shopmail.com,2025-05-24 18:13:15,VIP
C0529,Saanvi Das,saanvi.das29@mail.com,2023-02-28 23:23:27,REGULAR
C0530,Aisha Das,aisha.das30@mail.com,2023-01-02 01:28:57,REGULAR
C0531,Neha Joshi,neha.joshi31@example.com,2023-10-03 16:11:00,VIP
C0532,Aisha Gupta,aisha.gupta32@example.com,2025-06-30 06:22:30,PREMIUM
C0533,Harsh Sharma,harsh.sharma33@example.com,2024-08-03 08:28:25,PREMIUM
C0534,Farhan Iyer,farhan.iyer34@inbox.com,2024-05-16 03:31:09,REGULAR
C0535,Pooja Joshi,pooja.joshi35@shopmail.com,2023-09-28 14:44:46,PREMIUM
C0536,Vihaan Reddy,vihaan.reddy36@mail.com,2024-08-10 19:10:55,REGULAR
C0537,Saanvi Malhotra,saanvi.malhotra37@example.com,2025-12-26 12:46:18,VIP
C0538,Saanvi Joshi,saanvi.joshi38@example.com,2025-08-07 17:56:29,REGULAR
C0539,Pooja Gupta,pooja.gupta39@shopmail.com,2024-05-29 10:51:13,PREMIUM
C0540,Esha Reddy,esha.reddy40@shopmail.com,2025-09-15 06:45:42,PREMIUM
C0541,Maya Malhotra,maya.malhotra41@shopmail.com,2024-02-16 23:50:11,REGULAR
C0542,Aditya Verma,aditya.verma42@inbox.com,2023-01-02 23:45:54,REGULAR
C0543,Riya Bose,riya.bose43@inbox.com,2025-02-04 23:25:44,PREMIUM
C0544,Kavya Das,kavya.das44@mail.com,2025-06-16 23:28:14,REGULAR
C0545,Maya Sharma,maya.sharma45@shopmail.com,2023-02-21 21:43:08,REGULAR
C0546,Kavya Sharma,kavya.sharma46@mail.com,2024-06-14 23:32:00,REGULAR
C0547,Diya Sharma,diya.sharma47inbox.com,2024-06-08 23:42:39,REGULAR
C0548,Aisha Bose,aisha.bose48@mail.com,2025-10-12 09:17:08,REGULAR
C0549,Arjun Verma,arjun.verma49@inbox.com,2024-05-29 08:06:02,REGULAR
C0550,Aditya Iyer,aditya.iyer50@inbox.com,2024-04-06 23:53:59,REGULAR
C0551,Pooja Gupta,pooja.gupta51@example.com,2023-03-26 16:05:17,REGULAR
C0552,Chirag Das,chirag.das52@mail.com,2023-11-07 04:24:58,REGULAR
C0553,Chirag Sharma,chirag.sharma53@inbox.com,2025-01-05 15:59:36,PREMIUM
C0554,Om Das,om.das54@inbox.com,2025-10-23 21:21:34,REGULAR
C0555,Saanvi Kapoor,saanvi.kapoor55@example.com,2024-08-15 13:18:26,REGULAR
C0556,Aditya Chatterjee,aditya.chatterjee56@example.com,2024-12-23 10:37:02,REGULAR
C0557,Rahul Verma,rahul.verma57@inbox.com,2023-05-14 03:24:00,REGULAR
C0558,Vihaan Patel,vihaan.patel58@inbox.com,2024-08-24 08:21:40,PREMIUM
C0559,Zoya Das,zoya.das59@mail.com,2024-04-09 06:00:51,REGULAR
C0560,Meera Chatterjee,meera.chatterjee60@mail.com,2023-09-26 13:23:42,VIP
C0561,Shiv Gupta,shiv.gupta61@mail.com,2023-03-08 07:04:22,REGULAR
C0562,Rahul Singh,rahul.singh62@example.com,2024-05-11 17:07:29,VIP
C0563,Ira Mehta,ira.mehta63@inbox.com,2025-05-07 14:04:19,REGULAR
C0564,Aarav Bose,aarav.bose64@example.com,2023-06-24 19:00:23,REGULAR
C0565,Kavya Verma,kavya.verma65@inbox.com,2024-03-20 10:18:52,PREMIUM
C0566,Aditya Mehta,aditya.mehta66@inbox.com,2025-10-14 04:15:13,REGULAR
C0567,Anaya Reddy,anaya.reddy67@inbox.com,2024-03-03 20:11:00,REGULAR
C0568,Anaya Mehta,anaya.mehta68@inbox.com,2024-05-29 22:59:41,REGULAR
C0569,Bhavna Kapoor,bhavna.kapoor69@shopmail.com,2023-02-01 10:20:12,REGULAR
C0570,Bhavna Das,bhavna.das70@mail.com,2025-12-17 11:34:39,REGULAR
C0571,Deepa Chatterjee,deepa.chatterjee71@example.com,2024-05-13 10:50:16,REGULAR
C0572,Shiv Chatterjee,shiv.chatterjee72@inbox.com,2023-11-25 09:12:32,VIP
C0573,Harsh Patel,harsh.patel73@shopmail.com,2025-03-11 10:38:48,PREMIUM
C0574,Jatin Gupta,jatin.gupta74@mail.com,2025-03-25 10:48:24,PREMIUM
C0575,Shiv Nair,shiv.nair75@example.com,2023-03-31 12:30:34,REGULAR
C0576,Harsh Nair,harsh.nair76@inbox.com,2024-03-01 14:37:17,REGULAR
C0577,Meera Malhotra,meera.malhotra77@inbox.com,2024-01-11 20:06:21,REGULAR
C0578,Saanvi Das,saanvi.das78@mail.com,2025-06-30 16:28:53,REGULAR
C0579,Aditya Sharma,aditya.sharma79@mail.com,2024-03-18 20:09:24,REGULAR
C0580,Tanya Khan,tanya.khan80@shopmail.com,2025-10-02 16:04:18,REGULAR
C0581,Karan Malhotra,karan.malhotra81@mail.com,2025-11-25 18:14:58,REGULAR
C0582,Aarav Khan,aarav.khan82@shopmail.com,2024-01-28 01:47:51,REGULAR
C0583,Lavanya Mehta,lavanya.mehta83@inbox.com,2024-06-25 16:49:16,REGULAR
C0584,Deepa Mehta,deepa.mehta84@shopmail.com,2025-06-26 23:15:38,REGULAR
C0585,Chirag Iyer,chirag.iyer85@shopmail.com,2025-11-29 04:46:16,REGULAR
C0586,Bhavna Joshi,bhavna.joshi86@mail.com,2024-03-06 03:01:06,REGULAR
C0587,Rahul Khan,rahul.khan87@inbox.com,2023-03-30 04:42:47,PREMIUM
C0588,Esha Gupta,esha.gupta88@shopmail.com,2023-02-09 13:02:28,REGULAR
C0589,Karan Mehta,karan.mehta89@mail.com,2024-08-26 03:56:17,PREMIUM
C0590,Farhan Khan,farhan.khan90@shopmail.com,2025-12-02 03:47:37,REGULAR
C0591,Deepa Reddy,deepa.reddy91@shopmail.com,2025-10-18 13:39:08,PREMIUM
C0592,Kavya Das,kavya.das92@mail.com,2023-07-18 18:06:11,PREMIUM
C0593,Farhan Sharma,farhan.sharma93@inbox.com,2023-12-12 06:12:41,REGULAR
C0594,Farhan Kapoor,farhan.kapoor94@example.com,2024-02-09 18:21:08,REGULAR
C0595,Om Patel,om.patel95@example.com,2025-09-12 12:01:29,REGULAR
C0596,Om Nair,om.nair96@shopmail.com,2025-02-16 11:08:56,REGULAR
C0597,Karan Patel,karan.patel97@shopmail.com,2023-08-23 05:25:41,REGULAR
C0598,Karan Chatterjee,karan.chatterjee98@example.com,2023-08-11 11:47:00,REGULAR
C0599,Pooja Joshi,pooja.joshi99@example.com,2025-09-07 06:36:24,VIP
C0600,Aarav Chatterjee,aarav.chatterjee00@mail.com,2024-02-29 21:51:28,REGULAR
